{
    "rmse": 0.6436924779008867,
    "mae": 0.5049961251771785,
    "r2": 0.3374800030281683
}